{
"apiVersion": "V2",
"assemblies": [
{
  "files": [
    {
      "filePath": "data_summary.tsv",
      "fileType": "DATA_TABLE",
      "uncompressedLengthBytes": "582"
    },
    {
      "filePath": "assembly_data_report.jsonl",
      "fileType": "DATA_REPORT",
      "uncompressedLengthBytes": "7803"
    }
  ]
},{
  "accession": "GCF_014839805.1",
  "files": [
    {
      "filePath": "GCF_014839805.1/cds_from_genomic.fna",
      "fileType": "CDS_NUCLEOTIDE_FASTA",
      "uncompressedLengthBytes": "54805198"
    }
  ]
}]}
